source,session,seed,candidate,baseline,denominator,q_baseline_updates,cost_ratio,measurement_type
I211,R67,11,A010,gated local-global TF,D1,375,0.818,ESTIMATED
I211,R67,11,A010,gated local-global TF,D1,500,0.814,ESTIMATED
I211,R67,11,A010,gated local-global TF,D1,750,0.762,ESTIMATED
I211,R67,11,A010,gated local-global TF,D1,1000,0.731,ESTIMATED
I211,R67,11,A010,gated local-global TF,D1,1250,0.700,ESTIMATED
I211,R67,11,A010,gated local-global TF,D1,1500,0.643,ESTIMATED
I211,R67,22,A010,gated local-global TF,D1,375,0.784,ESTIMATED
I211,R67,22,A010,gated local-global TF,D1,500,0.799,ESTIMATED
I211,R67,22,A010,gated local-global TF,D1,750,0.749,ESTIMATED
I211,R67,22,A010,gated local-global TF,D1,1000,0.730,ESTIMATED
I211,R67,22,A010,gated local-global TF,D1,1250,0.716,ESTIMATED
I211,R67,22,A010,gated local-global TF,D1,1500,0.633,ESTIMATED
I203,R63,11,A010,gated full-attention TF,D1,375,0.695,ESTIMATED
I203,R63,11,A010,gated full-attention TF,D1,500,0.733,ESTIMATED
I203,R63,11,A010,gated full-attention TF,D1,750,0.720,ESTIMATED
I203,R63,11,A010,gated full-attention TF,D1,1000,0.698,ESTIMATED
I203,R63,11,A010,gated full-attention TF,D1,1250,0.677,ESTIMATED
I203,R63,11,A010,gated full-attention TF,D1,1500,0.625,ESTIMATED
I203,R63,22,A010,gated full-attention TF,D1,375,0.662,ESTIMATED
I203,R63,22,A010,gated full-attention TF,D1,500,0.685,ESTIMATED
I203,R63,22,A010,gated full-attention TF,D1,750,0.673,ESTIMATED
I203,R63,22,A010,gated full-attention TF,D1,1000,0.664,ESTIMATED
I203,R63,22,A010,gated full-attention TF,D1,1250,0.654,ESTIMATED
I203,R63,22,A010,gated full-attention TF,D1,1500,0.587,ESTIMATED
I240,R78,11,A010,gated local-global TF,D1,375,0.80,ESTIMATED
I240,R78,11,A010,gated local-global TF,D1,500,0.80,ESTIMATED
I240,R78,11,A010,gated local-global TF,D1,750,0.74,ESTIMATED
I240,R78,11,A010,gated local-global TF,D1,1000,0.71,ESTIMATED
I240,R78,11,A010,gated local-global TF,D1,1250,0.68,ESTIMATED
I240,R78,11,A010,gated local-global TF,D1,1500,0.63,ESTIMATED
I240,R78,11,A019,gated local-global TF,D1,375,0.38,ESTIMATED
I240,R78,11,A019,gated local-global TF,D1,500,0.46,ESTIMATED
I240,R78,11,A019,gated local-global TF,D1,750,0.51,ESTIMATED
I240,R78,11,A019,gated local-global TF,D1,1000,0.54,ESTIMATED
I240,R78,11,A019,gated local-global TF,D1,1250,0.54,ESTIMATED
I240,R78,11,A019,gated local-global TF,D1,1500,0.50,ESTIMATED
I240,R78,11,A010,TF-LG + n-gram heads,D2,750,1.14,ESTIMATED
I240,R78,11,A010,TF-LG + n-gram heads,D2,1000,1.10,ESTIMATED
I240,R78,11,A010,TF-LG + n-gram heads,D2,1250,1.07,ESTIMATED
I240,R78,11,A010,TF-LG + n-gram heads,D2,1500,1.06,ESTIMATED
I240,R78,11,A019,TF-LG + n-gram heads,D2,750,0.79,ESTIMATED
I240,R78,11,A019,TF-LG + n-gram heads,D2,1000,0.83,ESTIMATED
I240,R78,11,A019,TF-LG + n-gram heads,D2,1250,0.85,ESTIMATED
I240,R78,11,A019,TF-LG + n-gram heads,D2,1500,0.84,ESTIMATED
I242,R79,11,A010,B1A,frontier,1500,1.27,ESTIMATED
I248,R80,11,A010,B1A,frontier,1500,1.23,ESTIMATED
I251,R81,11,A025,B1A,frontier,1500,0.985,ESTIMATED
I252,R82,11,A025 (optimized),B1A,frontier,1500,0.949,ESTIMATED
I255,R81,11,A025n (mixed data),B1A (mixed data),frontier,1500,0.939,ESTIMATED
